,AUS,CHN,FRA,DEU,USA
Clostridium saccharogumia [ref_mOTU_v2_0473],0.0,0.0,0.0,0.005819797536297105,0.0
Clostridium innocuum [ref_mOTU_v2_0643],0.0,0.0,0.0,0.0,0.0
Clostridium sp. KLE 1755 [ref_mOTU_v2_0860],0.0,0.0,0.0,0.0,0.0
Clostridium scindens [ref_mOTU_v2_0883],0.0,0.0,0.0,0.0,0.0
Clostridium boltae/clostridioforme [ref_mOTU_v2_0886],0.0,0.0,0.0,0.011031302499014649,0.0
Clostridium butyricum [ref_mOTU_v2_0978],0.0,0.0,0.0,0.0,0.0
Clostridium clostridioforme [ref_mOTU_v2_0979],0.0,0.00792635052440131,0.0,0.029353483221100683,0.0
Clostridium clostridioforme [ref_mOTU_v2_0980],0.014121834925736751,0.0,0.0,0.0,0.01099068344835508
Clostridium perfringens [ref_mOTU_v2_1117],0.0,0.0,0.0008508101288431745,0.0,0.0
Clostridium saccharolyticum [ref_mOTU_v2_1380],0.0,0.0,0.0,0.01935436183919557,0.0
Clostridium symbiosum [ref_mOTU_v2_1475],0.0,0.0,0.04116123046544523,0.019184130983229623,0.0
Clostridiales bacterium VE202-09 [ref_mOTU_v2_2688],0.0,0.0,0.010243859405026074,0.0,0.0
Clostridiales bacterium VE202-14 [ref_mOTU_v2_2689],0.0,0.0,0.0,0.0,0.0
Clostridium paraputrificum [ref_mOTU_v2_2890],0.0,0.0,0.0,0.0,0.0
Clostridium sp. JCC [ref_mOTU_v2_3353],0.0,0.0,0.0,0.0,0.0
Clostridium sp. L2-50 [ref_mOTU_v2_4212],0.0,0.0,0.0,0.0,0.0
Clostridium leptum [ref_mOTU_v2_4234],0.0,0.0,0.0,0.0,0.0
Clostridium spiroforme [ref_mOTU_v2_4235],0.0,0.0,0.0,0.0,0.0
Clostridium asparagiforme [ref_mOTU_v2_4394],0.0,0.0,0.0,0.0,0.0
Clostridium citroniae [ref_mOTU_v2_4882],0.0,0.0,0.0,0.0,0.0
unknown Clostridium [meta_mOTU_v2_5331],0.0,0.0,0.0,0.0,0.0
unknown Clostridium [meta_mOTU_v2_5336],0.0,0.0,0.0,0.0,0.0
unknown Clostridiales [meta_mOTU_v2_5339],0.0,0.0,0.0,0.0,0.0
unknown Clostridiales [meta_mOTU_v2_5341],0.0,0.0,0.0,0.0016140362388038765,0.0
unknown Clostridium [meta_mOTU_v2_5343],0.0,0.0,0.0,0.0,0.0
unknown Clostridiales [meta_mOTU_v2_5347],0.0,0.0,0.0,0.020115609498093857,0.0
unknown Clostridium [meta_mOTU_v2_5353],0.0,0.0,0.0,0.0,0.0
unknown Clostridiales [meta_mOTU_v2_5362],0.0,0.0,0.0,0.007439278219916854,0.009146194799526677
Clostridium sp. CAG:127 [meta_mOTU_v2_5364],0.0,0.0,0.0,0.0,0.0
unknown Clostridium [meta_mOTU_v2_5366],0.0,0.0,0.0,0.0,0.0
Clostridium sp. CAG:440 [meta_mOTU_v2_5389],0.0,0.0,0.0,0.0,0.0
unknown Clostridiales [meta_mOTU_v2_5396],0.0,0.008737072350904892,0.0,0.0,0.0
unknown Clostridiales [meta_mOTU_v2_5397],0.0,0.0,0.0,0.0,0.0
unknown Clostridiales [meta_mOTU_v2_5408],0.0,0.0,0.0,0.0,0.0
unknown Clostridiales [meta_mOTU_v2_5411],0.002715114003534149,0.010774594968607953,0.0,0.0,0.0
unknown Clostridiales [meta_mOTU_v2_5412],0.0,0.0,0.0,0.0,0.0
unknown Clostridium [meta_mOTU_v2_5413],0.0,0.0,0.0,0.0212219780380269,0.017354947508966188
unknown Clostridiales [meta_mOTU_v2_5415],0.0,0.0,0.0,0.0,0.0
unknown Clostridiales [meta_mOTU_v2_5442],0.0,0.0,0.0,0.0,0.0
Clostridium sp. CAG:793 [meta_mOTU_v2_5464],0.0,0.0,0.0,0.0,0.0
unknown Clostridiales [meta_mOTU_v2_5466],0.0,0.0,0.0,0.0,0.0
Clostridiales bacterium 41_21_two_genomes [meta_mOTU_v2_5482],0.0015691026681627282,0.0,0.0,0.0,0.0
Clostridiales bacterium S5-A14a [meta_mOTU_v2_5486],0.0,0.0,0.0,0.0,0.0
Clostridium sp. CAG:571 [meta_mOTU_v2_5498],0.0,0.0,0.0,0.0,0.0
Clostridium sp. CAG:594 [meta_mOTU_v2_5501],0.027728301723662526,0.0,0.0,0.0,0.0
unknown Clostridium [meta_mOTU_v2_5505],0.0,0.0,0.0,0.01197647817372573,0.0
unknown Clostridiales [meta_mOTU_v2_5511],0.0,0.0,0.0,0.0,0.0
unknown Clostridiales [meta_mOTU_v2_5513],0.0,0.0,0.0,0.0,0.0
unknown Clostridiales [meta_mOTU_v2_5514],0.0,0.0,0.0,0.0,0.0
unknown Clostridiales [meta_mOTU_v2_5517],0.0,0.0,0.0,0.0,0.0
unknown Clostridiales [meta_mOTU_v2_5540],0.027335813603933553,0.0,0.0,0.0,0.0
unknown Clostridium [meta_mOTU_v2_5561],0.0,0.0,0.0124437791785379,0.0,0.0
unknown Clostridiales [meta_mOTU_v2_5569],0.0,0.0,0.017085448699337775,0.0,0.0
unknown Clostridiales [meta_mOTU_v2_5571],0.0,0.0,0.0,0.0,0.0
unknown Clostridiales [meta_mOTU_v2_5583],0.0,0.0,0.0,0.0,0.0
unknown Clostridium [meta_mOTU_v2_5585],0.0,0.0,0.0,0.0,0.0
unknown Clostridiales [meta_mOTU_v2_5591],0.0,0.0,0.0,0.0,0.0
unknown Clostridiales [meta_mOTU_v2_5603],0.0,0.0,0.0,0.0,0.0
unknown Clostridiales [meta_mOTU_v2_5641],0.0,0.0,0.0,0.0,0.0
unknown Clostridiales [meta_mOTU_v2_5653],0.0,0.0,0.0,0.0,0.0
unknown Clostridiales [meta_mOTU_v2_5661],0.0,0.0,0.0,0.0,0.0
unknown Clostridiales [meta_mOTU_v2_5669],0.0,0.0,0.0,0.0,0.0
Clostridium sp. CAG:273 [meta_mOTU_v2_5681],0.0,0.0,0.0,0.004556329316329628,0.0
Clostridium sp. CAG:306 [meta_mOTU_v2_5698],0.0,0.0,0.0,0.0,0.029625008453585205
unknown Clostridiales [meta_mOTU_v2_5710],0.0,0.0,0.0,0.0,0.0
unknown Clostridiales [meta_mOTU_v2_5712],0.0,0.0,0.0,0.0,0.0
Clostridium sp. CAG:590 [meta_mOTU_v2_5713],0.0,0.0,0.010819229855750073,0.0,0.0
Clostridium sp. 27_14 [meta_mOTU_v2_5718],0.0,0.0,0.0,0.00821327184307077,0.0
Clostridium sp. CAG:568 [meta_mOTU_v2_5729],0.00016776913850215512,0.0,0.0,0.0,0.0
unknown Clostridiales [meta_mOTU_v2_5735],0.0,0.0,0.0,0.0,0.0
unknown Clostridiales [meta_mOTU_v2_5741],0.0,0.0,0.0,0.0,0.0
unknown Clostridiales [meta_mOTU_v2_5745],0.0,0.0,0.0,0.0,0.0
unknown Clostridium [meta_mOTU_v2_5748],0.0,0.0,0.0,0.0,0.0
unknown Clostridium [meta_mOTU_v2_5751],0.0,0.0,0.0,0.0,0.0
unknown Clostridiales [meta_mOTU_v2_5754],0.0,0.0,0.0,0.0008313283612276437,0.0
Clostridium sp. CAG:288 [meta_mOTU_v2_5776],0.0,0.0,0.01989054725744293,0.0,0.0
unknown Clostridiales [meta_mOTU_v2_5783],0.0,0.026474869187831138,0.0,0.0,0.0
unknown Clostridiales [meta_mOTU_v2_5791],0.0,0.0,0.0,0.0,0.0
unknown Clostridiales [meta_mOTU_v2_5805],0.0,0.0036725574930556743,0.0,0.0,0.0
unknown Clostridiales [meta_mOTU_v2_5806],0.0,0.0,0.0,0.0,0.010800388410867568
unknown Clostridiales [meta_mOTU_v2_5820],0.0,0.0,0.0,0.0,0.0
unknown Clostridiales [meta_mOTU_v2_5826],0.0,0.0,0.0,0.0,0.0
unknown Clostridiales [meta_mOTU_v2_5843],0.0,0.0,0.0,0.0,0.0
unknown Clostridiales [meta_mOTU_v2_5849],0.0,0.0,0.0,0.0,0.0
Clostridium sp. CAG:524 [meta_mOTU_v2_5874],0.0,0.0,0.0,0.0,0.0
unknown Clostridiales [meta_mOTU_v2_5880],0.0,0.0,0.0,0.04122951822587191,0.0
unknown Clostridiales [meta_mOTU_v2_5890],0.0,0.012401481939266093,0.0,0.0,0.0
unknown Clostridiales [meta_mOTU_v2_5894],0.0,0.0,0.0,0.0,0.0
unknown Clostridiales [meta_mOTU_v2_5904],0.0,0.0,0.0,0.009421690142470747,0.0
unknown Clostridiales [meta_mOTU_v2_5905],0.0,0.0,0.0,0.0,0.0
uncultured Clostridium sp. [meta_mOTU_v2_5907],0.0,0.0,0.0,0.0,0.0
Clostridium sp. CAG:451 [meta_mOTU_v2_5908],0.0,0.0,0.0,0.0,0.0
Clostridium sp. CAG:780 [meta_mOTU_v2_5914],0.0,0.0,0.0,0.0,0.0
unknown Clostridium [meta_mOTU_v2_5915],0.0,0.0,0.0,0.0,0.0
unknown Clostridiales [meta_mOTU_v2_5922],0.0,0.0,0.0,0.0,0.0
unknown Clostridium [meta_mOTU_v2_5927],0.0,0.0,0.0,0.0,0.0
unknown Clostridium [meta_mOTU_v2_5940],0.0,0.0,0.0,0.028551983231140478,0.0
unknown Clostridiales [meta_mOTU_v2_5954],0.0,0.0,0.0,0.0,0.0
unknown Clostridiales [meta_mOTU_v2_5959],0.0,0.0,0.0036376694577296724,0.0,0.0
unknown Clostridiales [meta_mOTU_v2_5961],0.0,0.0,0.0,0.026978266228672543,0.0
unknown Clostridiales [meta_mOTU_v2_5978],0.0,0.0,0.0,0.0,0.0
unknown Clostridium [meta_mOTU_v2_5983],0.0,0.0,0.0,0.0,0.0
unknown Clostridiales [meta_mOTU_v2_5991],0.0,0.0,0.0,0.0,0.0
unknown Clostridiales [meta_mOTU_v2_6000],0.0,0.0,0.0,0.0,0.0
Clostridium sp. CAG:465 [meta_mOTU_v2_6001],0.0,0.0,0.0,0.0,0.0
unknown Clostridiales [meta_mOTU_v2_6009],0.0,0.0,0.0,0.0,0.0
unknown Clostridiales [meta_mOTU_v2_6011],0.0,0.0,0.0,0.0,0.0
unknown Clostridiales [meta_mOTU_v2_6013],0.0,0.0,0.0,0.0,0.016945791347096974
unknown Clostridiales [meta_mOTU_v2_6022],0.0,0.0,0.0,0.0,0.0
unknown Clostridiales [meta_mOTU_v2_6028],0.0,0.0,0.0,0.0,0.0
unknown Clostridiales [meta_mOTU_v2_6036],0.0,0.0,0.00793939320595647,0.0,0.0
unknown Clostridium [meta_mOTU_v2_6039],0.0,0.0,0.0,0.0,0.0
unknown Clostridiales [meta_mOTU_v2_6044],0.0,0.0,0.0,0.0,0.014719766208205734
unknown Clostridiales [meta_mOTU_v2_6049],0.0,0.0,0.0,0.0,0.0
unknown Clostridiales [meta_mOTU_v2_6054],0.0,0.007011236354161917,0.0,0.01530267362116579,0.0
unknown Clostridiales [meta_mOTU_v2_6073],0.0,0.0,0.0,0.0027893907848943558,0.0
unknown Clostridiales [meta_mOTU_v2_6080],0.0,0.0,0.0,0.0,0.0
unknown Clostridiales [meta_mOTU_v2_6088],0.0,0.03863589092565088,0.0,0.0,0.0
unknown Clostridium [meta_mOTU_v2_6098],0.0,0.0,0.0,0.0,0.0
unknown Clostridiales [meta_mOTU_v2_6105],0.0,0.07520844552027964,0.0,0.018789504657279934,0.0
unknown Clostridiales [meta_mOTU_v2_6107],0.0,0.0,0.0,0.0,0.06534269693758223
unknown Clostridium [meta_mOTU_v2_6117],0.0,0.0,0.0,0.0,0.0
Clostridium sp. CAG:533 [meta_mOTU_v2_6119],0.0,0.0,0.0,0.0033778074057489345,0.0
unknown Clostridiales [meta_mOTU_v2_6128],0.0,0.0,0.0,0.0,0.0
Clostridium sp. CAG:964 [meta_mOTU_v2_6131],0.0,0.0,0.0,0.0,0.0
unknown Clostridiales [meta_mOTU_v2_6134],0.0005996031945399553,0.0,0.0,0.0,0.0
unknown Clostridiales [meta_mOTU_v2_6144],0.0,0.0,0.0,0.0,0.0
unknown Clostridium [meta_mOTU_v2_6147],0.0,0.04889094179293332,0.0,0.0,0.0
unknown Clostridium [meta_mOTU_v2_6156],0.0,0.0,0.009695264720913392,0.0,0.05250685724160911
Clostridium sp. CAG:288 [meta_mOTU_v2_6160],0.0,0.0,0.0,0.0,0.0
Clostridium sp. CAG:510 [meta_mOTU_v2_6178],0.0,0.0,0.0,0.0,0.013893854371269542
unknown Clostridiales [meta_mOTU_v2_6190],0.0,0.0,0.0,0.0,0.0
unknown Clostridiales Family XIII. Incertae Sedis [meta_mOTU_v2_6192],0.0,0.0,0.0,0.0,0.0
unknown Clostridiales [meta_mOTU_v2_6193],0.0,0.0,0.0,0.0,0.0
unknown Clostridiales [meta_mOTU_v2_6197],0.0,0.0,0.0,0.0,0.0
Clostridium sp. CAG:343 [meta_mOTU_v2_6218],0.0,0.0,0.043000202550052435,0.0,0.0
Clostridium sp. CAG:533 [meta_mOTU_v2_6224],0.0057317310360533785,0.0,0.0028128998201262224,0.0,0.0
unknown Clostridiales [meta_mOTU_v2_6233],0.0,0.0,0.0,0.0,0.0
unknown Clostridiales [meta_mOTU_v2_6238],0.0,0.005891201937088019,0.0,0.0,0.0
unknown Clostridiales [meta_mOTU_v2_6249],0.0,0.0,0.0,0.0,0.0
unknown Clostridiales [meta_mOTU_v2_6259],0.0,0.0,0.0,0.0,0.0
unknown Clostridiales [meta_mOTU_v2_6260],0.0,0.0,0.0,0.0013277569116709694,0.0
unknown Clostridiales [meta_mOTU_v2_6261],0.0,0.0,0.0,0.0,0.0
unknown Clostridiales [meta_mOTU_v2_6272],0.0,0.0,0.0,0.0,0.0
unknown Clostridiales [meta_mOTU_v2_6275],0.0,0.0,0.0,0.0,0.0
unknown Clostridiales [meta_mOTU_v2_6281],0.0,0.0,0.0,0.0,0.0
unknown Clostridium [meta_mOTU_v2_6285],0.0,0.0,0.0,0.0,0.0
unknown Clostridium [meta_mOTU_v2_6292],0.0,0.0,0.0,0.0,0.0
unknown Clostridiales [meta_mOTU_v2_6316],0.0024243618195186885,0.0,0.0,0.0,0.0
unknown Clostridium [meta_mOTU_v2_6338],0.0027848516912937194,0.0,0.0,0.0,0.0
unknown Clostridiales [meta_mOTU_v2_6348],0.0,0.0,0.0,0.0,0.0
unknown Clostridium [meta_mOTU_v2_6349],0.0,0.0,0.0,0.0,0.015922674632296744
unknown Clostridium [meta_mOTU_v2_6363],0.0,0.0,0.0,0.0,0.0
unknown Clostridiales [meta_mOTU_v2_6371],0.0,0.0,0.0,0.0,0.0
uncultured Clostridium sp. [meta_mOTU_v2_6381],0.0,0.0,0.0,0.0,0.06842750494126447
unknown Clostridiales [meta_mOTU_v2_6407],0.0,0.0,0.0,0.010473910018930463,0.0
unknown Clostridiales [meta_mOTU_v2_6416],0.0,0.0,0.0,0.0047982231889184155,0.0
unknown Clostridiales [meta_mOTU_v2_6419],0.0,0.0,0.0,0.0,0.0
unknown Clostridiales [meta_mOTU_v2_6465],0.0,0.0,0.0,0.02179620582992296,0.0
Clostridium sp. CAG:609 [meta_mOTU_v2_6466],0.0,0.0,0.0,0.0,0.0
unknown Clostridiales [meta_mOTU_v2_6475],0.0,0.0,0.0,0.0,0.0
Clostridium sp. CAG:1219 [meta_mOTU_v2_6476],0.0,0.0,0.0,0.0,0.0
unknown Clostridiales [meta_mOTU_v2_6484],0.0,0.0,0.0,0.0,0.0
unknown Clostridiales [meta_mOTU_v2_6495],0.0,0.0,0.0,0.0,0.0
unknown Clostridiales [meta_mOTU_v2_6503],0.0,0.0,0.0027385283873786683,0.0,0.0
unknown Clostridiales [meta_mOTU_v2_6511],0.0,0.0,0.0,0.0,0.0
unknown Clostridiales [meta_mOTU_v2_6523],0.0,0.0,0.0,0.0,0.009255492159699175
unknown Clostridiales [meta_mOTU_v2_6525],0.0,0.0,0.018212024822748734,0.0,0.0
unknown Clostridiales [meta_mOTU_v2_6548],0.0,0.0,0.0,0.0,0.0
Clostridium sp. CAG:628 [meta_mOTU_v2_6559],0.0,0.0,0.0,0.0,0.0
unknown Clostridiales [meta_mOTU_v2_6561],0.0,0.0,0.0,0.0,0.0
unknown Clostridiales [meta_mOTU_v2_6571],0.0,0.0,0.0,0.0,0.04207842792934285
unknown Clostridiales [meta_mOTU_v2_6575],0.0,0.0,0.0,0.0,0.0
unknown Clostridiales [meta_mOTU_v2_6585],0.0,0.0,0.0,0.0,0.0
unknown Clostridiales [meta_mOTU_v2_6602],0.0,0.01511312417532314,0.0742749252449228,0.0,0.0
unknown Clostridiales [meta_mOTU_v2_6629],0.0,0.0,0.0,0.0,0.029992578168832443
unknown Clostridiales [meta_mOTU_v2_6632],0.0,0.0,0.0,0.0,0.0
unknown Clostridiales [meta_mOTU_v2_6647],0.0,0.006338653179902907,0.0,0.0,0.002192502928841584
unknown Clostridiales [meta_mOTU_v2_6672],0.0,0.0,0.0,0.0,0.0
unknown Clostridiales [meta_mOTU_v2_6686],0.0,0.0,0.0,0.0,0.0
unknown Clostridiales [meta_mOTU_v2_6699],0.0,0.0,0.0,0.0,0.0
unknown Clostridiales [meta_mOTU_v2_6700],0.0,0.0,0.0,0.0,0.0
unknown Clostridiales [meta_mOTU_v2_6704],0.0,0.0,0.0,0.0,0.0
unknown Clostridiales [meta_mOTU_v2_6716],0.0,0.0,0.0,0.0,0.0028098973700061364
unknown Clostridiales [meta_mOTU_v2_6721],0.0,0.0,0.0,0.0,0.0
Clostridium sp. CAG:762 [meta_mOTU_v2_6739],0.0,0.0,0.0,0.0,0.0
unknown Clostridium [meta_mOTU_v2_6741],0.0,0.0,0.0,0.0,0.0
Clostridium sp. CAG:798 [meta_mOTU_v2_6742],0.0,0.0,0.0,0.0,0.0
unknown Clostridiales [meta_mOTU_v2_6751],0.0,0.0,0.0,0.0,0.0
unknown Clostridiales [meta_mOTU_v2_6760],0.0,0.0,0.0,0.0,0.0
Clostridium sp. CAG:914 [meta_mOTU_v2_6776],0.0,0.0,0.0,0.0,0.0
unknown Clostridiales [meta_mOTU_v2_6777],0.0,0.0,0.0,0.0,0.0
Clostridium sp. CAG:1024 [meta_mOTU_v2_6786],0.0,0.0,0.0012394141974422554,0.0,0.0
unknown Clostridiales [meta_mOTU_v2_6787],0.0,0.0,0.0,0.0,0.0
Clostridium sp. CAG:710 [meta_mOTU_v2_6788],0.0,0.0,0.0,0.0,0.0
unknown Clostridiales [meta_mOTU_v2_6791],0.0,0.0,0.0,0.0,0.0
unknown Clostridium [meta_mOTU_v2_6792],0.0,0.0,0.0,0.0,0.0
unknown Clostridiales [meta_mOTU_v2_6795],0.0,0.0,0.0,0.0,0.0
unknown Clostridiales [meta_mOTU_v2_6801],0.0,0.0,0.0,0.0,0.0
unknown Clostridiales [meta_mOTU_v2_6807],0.0,0.0,0.0,0.0,0.0
unknown Clostridiales [meta_mOTU_v2_6808],0.0,0.0,0.0,0.0,0.0
unknown Clostridiales [meta_mOTU_v2_6814],0.0,0.0,0.0,0.0,0.0
unknown Clostridium [meta_mOTU_v2_6816],0.0,0.0,0.0,0.0,0.0
unknown Clostridiales [meta_mOTU_v2_6819],0.0,0.0,0.0,0.0,0.0
unknown Clostridiales [meta_mOTU_v2_6823],0.0,0.0,0.0,0.0,0.012389455920835492
unknown Clostridiales [meta_mOTU_v2_6832],0.0,0.0017651242832499908,0.0,0.0,0.0
unknown Clostridiales [meta_mOTU_v2_6834],0.0,0.0,0.0,0.0,0.03313514800806823
unknown Clostridiales [meta_mOTU_v2_6852],0.0,0.0,0.0,0.0,0.0
unknown Clostridiales [meta_mOTU_v2_6856],0.0,0.0,0.0,0.0,0.0
unknown Clostridiales [meta_mOTU_v2_6867],0.0,0.0,0.0,0.004474175315809538,0.005887376908181561
unknown Clostridium [meta_mOTU_v2_6877],0.0,0.0,0.0,0.0,0.0
unknown Clostridium [meta_mOTU_v2_6883],0.0,0.0,0.0,0.0,0.0
unknown Clostridiales [meta_mOTU_v2_6885],0.0,0.0,0.0,0.0,0.0
unknown Clostridiales [meta_mOTU_v2_6891],0.0,0.046556847459443274,0.0,0.0,0.0018613474465514945
Clostridium sp. CAG:628 [meta_mOTU_v2_6892],0.0,0.0,0.0,0.01872781088419328,0.0
unknown Clostridiales [meta_mOTU_v2_6916],0.0,0.0,0.0,0.0,0.0
unknown Clostridiales [meta_mOTU_v2_6926],0.0,0.0,0.0,0.0,0.0
unknown Clostridiales [meta_mOTU_v2_6929],0.005922695136924455,0.0042973307145246845,0.0,0.0,0.0
unknown Clostridiales [meta_mOTU_v2_6961],0.0,0.0,0.0,0.0,0.0
unknown Clostridiales [meta_mOTU_v2_6975],0.0,0.0,0.0,0.0,0.0
unknown Clostridiales [meta_mOTU_v2_6986],0.0,0.0,0.0,0.0,0.0
unknown Clostridiales [meta_mOTU_v2_7014],0.0,0.0,0.0,0.0,0.0
unknown Clostridiales [meta_mOTU_v2_7018],0.0,0.0,0.0,0.0,0.0
Clostridium sp. CAG:798 [meta_mOTU_v2_7020],0.016614239845724417,0.016148715875116907,0.0,0.0,0.0
unknown Clostridium [meta_mOTU_v2_7026],0.0,0.0,0.0,0.02381118654904053,0.0
unknown Clostridiales [meta_mOTU_v2_7031],0.0,0.0,0.0,0.0,0.0
Clostridium sp. CAG:167 [meta_mOTU_v2_7056],0.0,0.0,0.0,0.0,0.0
unknown Clostridiales [meta_mOTU_v2_7058],0.0,0.0,0.0,0.0,0.0
unknown Clostridiales [meta_mOTU_v2_7061],0.0,0.0,0.0,0.005783098071945229,0.0
unknown Clostridiales [meta_mOTU_v2_7063],0.0,0.0,0.0,0.0,0.0
unknown Clostridiales [meta_mOTU_v2_7066],0.0,0.0,0.0,0.0,0.0
unknown Clostridiales [meta_mOTU_v2_7067],0.0,0.0,0.0,0.0,0.0
unknown Clostridiales [meta_mOTU_v2_7072],0.0,0.0,0.0,0.0,0.027459623890421326
Clostridium sp. CAG:411 [meta_mOTU_v2_7074],0.0,0.0,0.0,0.0,0.0
unknown Clostridiales [meta_mOTU_v2_7076],0.0,0.0,0.0,0.0,0.0
unknown Clostridiales [meta_mOTU_v2_7083],0.0,0.0,0.0,0.0,0.0
unknown Clostridiales [meta_mOTU_v2_7087],0.0,0.0,0.0,0.0,0.0
unknown Clostridiales [meta_mOTU_v2_7093],0.0,0.0,0.0,0.0,0.0
unknown Clostridiales [meta_mOTU_v2_7097],0.0,0.0,0.0,0.0,0.0
unknown Clostridiales [meta_mOTU_v2_7104],0.0,0.0,0.0,0.0,0.0
Clostridium sp. CAG:452 [meta_mOTU_v2_7118],0.04280776597091545,0.0,0.0,0.0,0.0
unknown Clostridium [meta_mOTU_v2_7123],0.0,0.0,0.0,0.0,0.0
unknown Clostridiales [meta_mOTU_v2_7124],0.0,0.0,0.0,0.0,0.0
unknown Clostridiales [meta_mOTU_v2_7130],0.0,0.0,0.0,0.0,0.0
unknown Clostridiales [meta_mOTU_v2_7138],0.0,0.0,0.0,0.0,0.0
unknown Clostridiales [meta_mOTU_v2_7145],0.0,0.0,0.0,0.0,0.0
unknown Clostridiales [meta_mOTU_v2_7148],0.0,0.0,0.0017410426450273238,0.0,0.0
unknown Clostridiales [meta_mOTU_v2_7149],0.0,0.0,0.0,0.0,0.0
Clostridium sp. CAG:413 [meta_mOTU_v2_7152],0.0,0.0,0.0,0.0,0.0
unknown Clostridiales [meta_mOTU_v2_7153],0.0,0.0,0.0,0.0,0.0
unknown Clostridiales [meta_mOTU_v2_7156],0.0,0.0,0.018765957585190764,0.06312745540389988,0.0
unknown Clostridiales [meta_mOTU_v2_7157],0.0,0.0,0.0,0.0,0.0
unknown Clostridiales [meta_mOTU_v2_7158],0.0,0.0,0.0,0.0539225716217192,0.0
unknown Clostridiales [meta_mOTU_v2_7173],0.0,0.0,0.0,0.0,0.007588541536303416
unknown Clostridiales [meta_mOTU_v2_7180],0.0,0.0,0.0,0.0,0.0
Clostridium sp. CAG:302 [meta_mOTU_v2_7183],0.0,0.0,0.0,0.0,0.0
unknown Clostridiales [meta_mOTU_v2_7186],0.0,0.010801501424946292,0.0,0.0,0.0
Clostridium sp. CAG:226 [meta_mOTU_v2_7187],0.0,0.0035537440005389883,0.0,0.0,0.0
unknown Clostridiales [meta_mOTU_v2_7188],0.0,0.0,0.0,0.0,0.0
unknown Clostridiales [meta_mOTU_v2_7192],0.0,0.0,0.0,0.0,0.0
unknown Clostridiales [meta_mOTU_v2_7200],0.0,0.0,0.0,0.0,0.0
unknown Clostridiales [meta_mOTU_v2_7202],0.0,0.0,0.0,0.0,0.0
unknown Clostridiales [meta_mOTU_v2_7209],0.0,0.0,0.0,0.0,0.0
unknown Clostridiales [meta_mOTU_v2_7230],0.0,0.0,0.0,0.0,0.008913540402039921
unknown Clostridium [meta_mOTU_v2_7253],0.0,0.0,0.0,0.0,0.0
Clostridium sp. CAG:451 [meta_mOTU_v2_7262],0.0,0.002445694981284462,0.0,0.0,0.0
Clostridium sp. AT4 [meta_mOTU_v2_7263],0.0,0.0,0.0,0.0,0.0
unknown Clostridium [meta_mOTU_v2_7266],0.0,0.0,0.0,0.0,0.0
unknown Clostridiales [meta_mOTU_v2_7281],0.0,0.0,0.0,0.0,0.0
unknown Clostridiales [meta_mOTU_v2_7298],0.0,0.0,0.0,0.0,0.0
unknown Clostridiales [meta_mOTU_v2_7306],0.0,0.0,0.0,0.0,0.0
unknown Clostridiales [meta_mOTU_v2_7317],0.0,0.0,0.0,0.0,0.0
unknown Clostridiales [meta_mOTU_v2_7320],0.0,0.0,0.010231217732693802,0.0,0.0
unknown Clostridiales [meta_mOTU_v2_7323],0.0,0.0,0.0,0.0,0.0
unknown Clostridiales [meta_mOTU_v2_7337],0.0,0.0,0.0,0.0,0.0
unknown Clostridiales [meta_mOTU_v2_7355],0.0,0.0,0.0,0.0,0.0
unknown Clostridiales [meta_mOTU_v2_7356],0.0,0.011766283655282941,0.0,0.0,0.0
unknown Clostridiales [meta_mOTU_v2_7359],0.0,0.0,0.0,0.0,0.0
Clostridium sp. CAG:448 [meta_mOTU_v2_7377],0.0,0.0,0.0,0.0,0.0
unknown Clostridium [meta_mOTU_v2_7389],0.0,0.0,0.0,0.0,0.008245795948754013
unknown Clostridiales [meta_mOTU_v2_7415],0.0,0.0,0.0,0.0,0.0
unknown Clostridiales [meta_mOTU_v2_7440],0.0,0.0,0.0,0.0,0.0
Clostridium sp. CAG:217 [meta_mOTU_v2_7451],0.0,0.0,0.0,0.0,0.0
unknown Clostridiales [meta_mOTU_v2_7455],0.0,0.005605709663734697,0.0,0.0,0.0
unknown Clostridiales [meta_mOTU_v2_7462],0.0,0.0,0.0,0.0,0.0
unknown Clostridiales [meta_mOTU_v2_7467],0.0,0.0,0.0,0.0,0.0
unknown Clostridium [meta_mOTU_v2_7468],0.0,0.0,0.0,0.0,0.013787141357492047
unknown Clostridium [meta_mOTU_v2_7480],0.0,0.0,0.0,0.0,0.0
unknown Clostridiales [meta_mOTU_v2_7527],0.0,0.0,0.0,0.0,0.0
unknown Clostridium [meta_mOTU_v2_7530],0.0,0.006248460609568521,0.00973204947428991,0.03143742248835544,0.0
unknown Clostridiales [meta_mOTU_v2_7531],0.0,0.0,0.0,0.0,0.010257703575916655
unknown Clostridiales [meta_mOTU_v2_7541],0.0,0.0,0.0,0.0019187853311466584,0.0
unknown Clostridiales [meta_mOTU_v2_7546],0.0,0.0,0.0,0.0,0.0
unknown Clostridiales [meta_mOTU_v2_7550],0.0,0.0,0.0,0.0,0.013733567122818884
unknown Clostridiales [meta_mOTU_v2_7553],0.0,0.03923970651760992,0.0,0.0,0.10802385725708064
unknown Clostridiales [meta_mOTU_v2_7561],0.0,0.0,0.0,0.0,0.0
Clostridium sp. CAG:492 [meta_mOTU_v2_7568],0.0,0.0,0.0,0.0,0.0
unknown Clostridiales [meta_mOTU_v2_7590],0.0,0.0,0.0,0.0,0.0
unknown Clostridiales [meta_mOTU_v2_7600],0.0,0.0,0.0,0.0,0.0
Clostridium sp. CAG:1193 [meta_mOTU_v2_7613],0.0,0.0,0.0,0.0,0.0
unknown Clostridiales [meta_mOTU_v2_7620],0.0,0.0,0.0,0.0,0.0
Clostridium sp. CAG:433 [meta_mOTU_v2_7638],0.0,0.0,0.0,0.0,0.0
unknown Clostridiales [meta_mOTU_v2_7643],0.0,0.0,0.0,0.0,0.0
unknown Clostridium [meta_mOTU_v2_7645],0.0,0.0,0.0,0.0,0.0
unknown Clostridiales [meta_mOTU_v2_7682],0.026988907790713917,0.0,0.0,0.0,0.0
unknown Clostridiales [meta_mOTU_v2_7684],0.0,0.0,0.0,0.0,0.0
unknown Clostridiales [meta_mOTU_v2_7685],0.0,0.0,0.0,0.0,0.0
unknown Clostridiales [meta_mOTU_v2_7697],0.0,0.0,0.0,0.0,0.0
unknown Clostridiales [meta_mOTU_v2_7702],0.0,0.0,0.0,0.0,0.0
unknown Clostridiales [meta_mOTU_v2_7707],0.0,0.0,0.05510254376199756,0.04337358970756689,0.0
unknown Clostridiales [meta_mOTU_v2_7717],0.0,0.0,0.0,0.0,0.0
unknown Clostridium [meta_mOTU_v2_7721],0.0,0.0,0.02235688430312077,0.0,0.0
unknown Clostridiales [meta_mOTU_v2_7731],0.0,0.0,0.0,0.0,0.0
unknown Clostridiales [meta_mOTU_v2_7735],0.02453576195723596,0.0,0.0,0.0,0.0
unknown Clostridium [meta_mOTU_v2_7749],0.0,0.0,0.0,0.005681610655345265,0.0
unknown Clostridiales [meta_mOTU_v2_7752],0.0,0.0,0.0,0.0,0.0
Clostridium sp. CAG:138 [meta_mOTU_v2_7765],0.0,0.0,0.0,0.0,0.0
unknown Clostridiales [meta_mOTU_v2_7769],0.0,0.0,0.0,0.0007419463540317484,0.0
unknown Clostridiales [meta_mOTU_v2_7778],0.0,0.0,0.0,0.0,0.0
unknown Clostridiales [meta_mOTU_v2_7781],0.0,0.0,0.0,0.0,0.0
unknown Clostridiales [meta_mOTU_v2_7782],0.0,0.0,0.0,0.0,0.0
unknown Clostridiales [meta_mOTU_v2_7784],0.0,0.0,0.0,0.0,0.0
Clostridium sp. CAG:230 [meta_mOTU_v2_7788],0.002218682848216319,0.0,0.0,0.0,0.0
Clostridium sp. CAG:1193 [meta_mOTU_v2_7789],0.0,0.0,0.0,0.0,0.0
unknown Clostridiales [meta_mOTU_v2_7795],0.0,0.0,0.07304914666749898,0.0,0.0
unknown Clostridiales [meta_mOTU_v2_7800],0.0,0.0,0.02235594090259791,0.0,0.0
Fusobacterium nucleatum s. vincentii [ref_mOTU_v2_0754],0.0,0.0,0.009373544548469106,0.0,0.0
Fusobacterium nucleatum s. animalis [ref_mOTU_v2_0776],0.0,0.06554938740448482,0.0,0.01000213626149106,0.010169895265280638
Fusobacterium nucleatum s. nucleatum [ref_mOTU_v2_0777],0.0,0.0,0.032342973611238925,0.0,0.008128763039269904
Fusobacterium ulcerans [ref_mOTU_v2_1396],0.0,0.0003900455319725379,0.0,0.0,0.0
Fusobacterium sp. oral taxon 370 [ref_mOTU_v2_1403],0.0,0.046429655918709824,0.0476768087573841,0.0,0.0
Fusobacterium gonidiaformans [ref_mOTU_v2_1404],0.0,0.0,0.0,0.0,0.0
Fusobacterium mortiferum [ref_mOTU_v2_4310],0.0,0.0,0.0,0.0,0.0
Fusobacterium varium [ref_mOTU_v2_4311],0.0,0.0,0.0,0.0,0.0
unknown Fusobacterium [meta_mOTU_v2_7372],0.0,0.0,0.0,0.0,0.0
Streptococcus anginosus [ref_mOTU_v2_0004],0.007727798445839386,0.0,0.0,0.0028202428040867756,0.0
Streptococcus constellatus/intermedius [ref_mOTU_v2_0143],0.0,0.0,0.0,0.0,0.0
Streptococcus parasanguinis [ref_mOTU_v2_0144],0.0,0.0,0.04634310606060275,0.0,0.0
Streptococcus sp. HSISM1 [ref_mOTU_v2_0145],0.0,0.0,0.0,0.0,0.0
Peptostreptococcus anaerobius [ref_mOTU_v2_0148],0.0,0.0,0.0,0.0,0.0
Streptococcus vestibularis [ref_mOTU_v2_0198],0.0,0.0,0.007153252057635659,0.0,0.0
Streptococcus salivarius [ref_mOTU_v2_0199],0.0,0.0,0.04641264697903144,0.012442670983675156,0.0
Streptococcus thermophilus [ref_mOTU_v2_0219],0.0,0.0,0.0,0.0,0.07009519343669261
Streptococcus sp. [ref_mOTU_v2_0261],0.0,0.0,0.0,0.0,0.0
Streptococcus sanguinis [ref_mOTU_v2_0279],0.022725205900486267,0.0,0.0,0.0,0.0
Streptococcus mutans [ref_mOTU_v2_0289],0.0,0.0,0.0,0.0,0.0
Streptococcus anginosus [ref_mOTU_v2_0351],0.0,0.0,0.0,0.0033332464804812817,0.0
Streptococcus oralis [ref_mOTU_v2_0356],0.0,0.0,0.0,0.0,0.0
Streptococcus sp. [ref_mOTU_v2_0416],0.0,0.02193429886262317,0.0,0.0,0.03030508530408425
Streptococcus salivarius [ref_mOTU_v2_0656],0.0,0.0,0.0,0.0,0.006486534395551832
Streptococcus anginosus [ref_mOTU_v2_0687],0.008457045688685197,0.0,0.0,0.010250563166387146,0.0
Streptococcus equinus [ref_mOTU_v2_0793],0.008441009586561967,0.0,0.010118232000988351,0.0,0.0
Streptococcus sp. 2_1_36FAA [ref_mOTU_v2_1399],0.0,0.0,0.0,0.0,0.0
Streptococcus australis [ref_mOTU_v2_1524],0.0,0.0,0.0,0.0,0.0
Peptostreptococcus stomatis [ref_mOTU_v2_4614],0.0,0.0,0.0,0.02848368389261977,0.0
unknown Streptococcus [meta_mOTU_v2_5642],0.0,0.0,0.00587842407406962,0.0,0.0
Enterococcus faecalis [ref_mOTU_v2_0116],0.0,0.0,0.0,0.0,0.0
Lactococcus lactis [ref_mOTU_v2_0182],0.0,0.0,0.0,0.0,0.0
Ruminococcus gnavus [ref_mOTU_v2_0280],0.0,0.0,0.0,0.0,0.0
Ruminococcus lactaris [ref_mOTU_v2_0281],0.0,0.0,0.0,0.0,0.0
Coprococcus sp. [ref_mOTU_v2_0303],0.0,0.0,0.0,0.0,0.007218294364882455
Lactococcus lactis [ref_mOTU_v2_0371],0.0,0.0,0.0,0.0,0.003699396609573371
Enterococcus faecium [ref_mOTU_v2_0372],0.003294638419774122,0.0,0.0,0.0,0.0
Acidaminococcus intestini [ref_mOTU_v2_0391],0.0,0.046711861457853186,0.012413219396710237,0.0,0.0
Anaerococcus obesiensis/vaginalis [ref_mOTU_v2_0429],0.0003280978428964784,0.0,0.0,0.0,0.0
Enterococcus durans [ref_mOTU_v2_0598],0.0,0.0,0.0,0.0,0.0
Enterococcus faecium/hirae [ref_mOTU_v2_0654],0.0,0.0,0.0,0.0,0.0
Ruminococcus torques [ref_mOTU_v2_1376],0.0,0.0,0.0,0.0,0.0
Ruminococcus bicirculans [ref_mOTU_v2_2358],0.0,0.0,0.0,0.0,0.01384125655581308
Ruminococcus champanellensis [ref_mOTU_v2_3773],0.0,0.0,0.0,0.0,0.0
Ruminococcus callidus [ref_mOTU_v2_4209],0.0,0.0,0.0,0.0,0.0
Coprococcus eutactus [ref_mOTU_v2_4210],0.0,0.0,0.0,0.0,0.0
Coprococcus comes [ref_mOTU_v2_4313],0.0,0.0,0.0,0.0,0.0
Acidaminococcus fermentans [ref_mOTU_v2_4591],0.0,0.0,0.0,0.0,0.0
Ruminococcus torques [ref_mOTU_v2_4718],0.0,0.014409375726138405,0.0,0.0,0.0
Ruminococcus bromii [ref_mOTU_v2_4720],0.0,0.0,0.022236180860006248,0.0,0.0
Coprococcus catus [ref_mOTU_v2_4874],0.0,0.011462150557620737,0.0,0.0,0.0
unknown Coprococcus [meta_mOTU_v2_5379],0.0,0.0,0.0,0.0,0.0
unknown Ruminococcus [meta_mOTU_v2_5392],0.0,0.003569796431703056,0.0,0.0,0.0
Ruminococcus sp. CAG:177 [meta_mOTU_v2_5453],0.0,0.0,0.0,0.0,0.0
unknown Ruminococcus [meta_mOTU_v2_5630],0.0,0.0,0.0,0.0,0.0
Ruminococcus sp. CAG:254 [meta_mOTU_v2_5967],0.0,0.0,0.0,0.0,0.0
unknown Ruminococcus [meta_mOTU_v2_6152],0.0,0.0,0.0,0.007698424610469617,0.0
unknown Coprococcus [meta_mOTU_v2_6257],0.0,0.0,0.0,0.017466442075621955,0.0
Ruminococcus sp. CAG:382 [meta_mOTU_v2_6530],0.0,0.0,0.01200702870677057,0.0,0.0
Ruminococcus sp. CAG:177 [meta_mOTU_v2_6664],0.0,0.01884031266871999,0.0,0.0,0.08291819948441606
unknown Ruminococcus [meta_mOTU_v2_6724],0.0,0.0,0.0,0.0,0.0
unknown Ruminococcus [meta_mOTU_v2_6727],0.0,0.0,0.0019558685375873916,0.0,0.0
Staphylococcus sp. CAG:324 [meta_mOTU_v2_6946],0.0,0.0,0.0,0.0,0.0
unknown Ruminococcus [meta_mOTU_v2_7048],0.0,0.0,0.0,0.0,0.0
unknown Ruminococcus [meta_mOTU_v2_7159],0.0,0.0,0.0,0.0,0.0
unknown Ruminococcus [meta_mOTU_v2_7275],0.0,0.0,0.0,0.0,0.0
Staphylococcus sp. CAG:324 [meta_mOTU_v2_7279],0.0,0.0,0.0,0.0,0.0
unknown Ruminococcus [meta_mOTU_v2_7476],0.0,0.0,0.0,0.013019854326694065,0.0
Ruminococcus sp. CAG:724 [meta_mOTU_v2_7753],0.0,0.0,0.009941567382841191,0.0,0.0
Staphylococcus sp. CAG:324 [meta_mOTU_v2_7772],0.0,0.0,0.0,0.0,0.003974869632217085
Ruminococcus sp. CAG:403 [meta_mOTU_v2_7774],0.0,0.0,0.0,0.0,0.0
Ruminococcaceae bacterium D16 [ref_mOTU_v2_4480],0.0,0.0,0.0,0.0,0.0
unknown Ruminococcaceae [meta_mOTU_v2_5330],0.0,0.0,0.0,0.0,0.0
unknown Ruminococcaceae [meta_mOTU_v2_6174],0.011395992199310753,0.0,0.0,0.0,0.0
unknown Ruminococcaceae [meta_mOTU_v2_6478],0.0,0.0,0.0,0.0,0.0
unknown Ruminococcaceae [meta_mOTU_v2_6557],0.0,0.0,0.0,0.0,0.0
unknown Ruminococcaceae [meta_mOTU_v2_6652],0.0,0.0,0.0,0.0,0.0
unknown Ruminococcaceae [meta_mOTU_v2_6789],0.0,0.0,0.0,0.0,0.0
unknown Ruminococcaceae [meta_mOTU_v2_6850],0.0,0.0,0.0,0.0,0.0
unknown Ruminococcaceae [meta_mOTU_v2_6905],0.0,0.0,0.0,0.0,0.0
unknown Ruminococcaceae [meta_mOTU_v2_7012],0.0,0.0,0.0,0.0,0.0
unknown Ruminococcaceae [meta_mOTU_v2_7271],0.0,0.0,0.0,0.0,0.024095066534409414
unknown Ruminococcaceae [meta_mOTU_v2_7375],0.0,0.0,0.0,0.0,0.0
unknown Ruminococcaceae [meta_mOTU_v2_7401],0.0,0.0,0.0,0.0,0.0
unknown Ruminococcaceae [meta_mOTU_v2_7593],0.0,0.0,0.0,0.0,0.0
unknown Ruminococcaceae [meta_mOTU_v2_7652],0.0,0.0,0.0,0.048051169302661026,0.0
unknown Dehalococcoidales [meta_mOTU_v2_5435],0.0,0.0,0.0,0.0,0.0
unknown Dehalococcoidales [meta_mOTU_v2_5481],0.0,0.0,0.0,0.0,0.02286281345138118
unknown Dehalococcoidales [meta_mOTU_v2_6270],0.012086286573295755,0.0,0.0,0.0,0.03134214012242035
unknown Dehalococcoidales [meta_mOTU_v2_6336],0.011618242727407815,0.0,0.0,0.0,0.0
unknown Dehalococcoidales [meta_mOTU_v2_6821],0.0,0.0,0.0,0.0,0.0
unknown Dehalococcoidales [meta_mOTU_v2_7373],0.0,0.0,0.0,0.0,0.0
unknown Dehalococcoidales [meta_mOTU_v2_7432],0.0,0.0,0.0,0.035845517340662755,0.0
Enterobacteriaceae sp. [ref_mOTU_v2_0036],0.0,0.0,0.0,0.0,0.03643839202674004
Citrobacter sp. [ref_mOTU_v2_0076],0.0,0.0,0.0,0.0,0.0
Lactobacillus salivarius [ref_mOTU_v2_0125],0.0,0.040811033508989784,0.02270020666468428,0.0,0.0
Bifidobacterium longum [ref_mOTU_v2_0150],0.0,0.0,0.0,0.0,0.0
Bifidobacterium breve [ref_mOTU_v2_0157],0.011244222510259869,0.0,0.0,0.0,0.0
Lactobacillus ruminis [ref_mOTU_v2_0167],0.0,0.0,0.041148070412619996,0.0,0.0
Lactobacillus casei/paracasei [ref_mOTU_v2_0226],0.0005808940820817106,0.0,0.0,0.0,0.0
Bacteroides stercoris [ref_mOTU_v2_0275],0.0,0.0,0.0,0.0,0.0
Bacteroides fragilis [ref_mOTU_v2_0286],0.0,0.010515871592797096,0.0,0.0,0.0
Bacteroides fragilis [ref_mOTU_v2_0287],0.0,0.0,0.0,0.0010164288725421661,0.0
Bacteroides nordii [ref_mOTU_v2_0302],0.0,0.0,0.0,0.0,0.02247459581539449
Bacteroides barnesiae [ref_mOTU_v2_0452],0.0,0.0,0.0,0.0,0.018424800218380676
Bacteroides massiliensis [ref_mOTU_v2_0455],0.0,0.02038928243592019,0.0,0.004399828527890843,0.0
Bacteroides salyersiae [ref_mOTU_v2_0458],0.0,0.0,0.0,0.0,0.0
Lactobacillus mucosae [ref_mOTU_v2_0568],0.0,0.0,0.0,0.0,0.0
Bifidobacterium dentium [ref_mOTU_v2_0631],0.0,0.0,0.0,0.0,0.0
Bifidobacterium pseudocatenulatum [ref_mOTU_v2_0632],0.0,0.0,0.0,0.0,0.0
Bifidobacterium catenulatum/kashiwanohense [ref_mOTU_v2_0633],0.0,0.0,0.0,0.0,0.0
Bacteroides cellulosilyticus/timonensis [ref_mOTU_v2_0692],0.0,0.0,0.0,0.0,0.007938757232604662
Lactobacillus gasseri [ref_mOTU_v2_0725],0.0,0.0,0.0,0.0,0.0
Bifidobacterium bifidum [ref_mOTU_v2_0786],0.0,0.0,0.0,0.0,0.0
Bacteroides thetaiotaomicron [ref_mOTU_v2_0897],0.0,0.0,0.0,0.0,0.0
Bacteroides dorei/vulgatus [ref_mOTU_v2_0898],0.02574507512967512,0.0,0.0,0.0,0.0
Bacteroides rodentium/uniformis [ref_mOTU_v2_0899],0.0,0.0029053625640064005,0.0,0.0,0.0
Parabacteroides goldsteinii [ref_mOTU_v2_0901],0.0,0.0,0.0,0.0,0.0
Lactobacillus fermentum [ref_mOTU_v2_1050],0.0,0.0,0.0,0.0,0.0
Bacteroides xylanisolvens [ref_mOTU_v2_1072],0.0,0.0,0.04211158941456148,0.0,0.04682406221661379
Bacteroides fragilis/ovatus [ref_mOTU_v2_1073],0.021823755909029133,0.0,0.0,0.0,0.0
Lactobacillus reuteri [ref_mOTU_v2_1076],0.0,0.0,0.016445347514249285,0.0,0.0
Bifidobacterium adolescentis [ref_mOTU_v2_1156],0.010927876629012699,0.0,0.0,0.01194412273852297,0.0
Bifidobacterium ruminantium [ref_mOTU_v2_1159],0.0,0.0,0.0,0.0,0.0
Bifidobacterium sp. [ref_mOTU_v2_1180],0.0,0.0,0.0,0.0,0.0
Bifidobacterium angulatum [ref_mOTU_v2_1285],0.0,0.0,0.014892354802604127,0.0,0.0
Parabacteroides merdae [ref_mOTU_v2_1378],0.0,0.0,0.0,0.0,0.0
Bacteroides caccae [ref_mOTU_v2_1382],0.0,0.039887013697071344,0.0,0.0,0.0
Coprobacillus sp. [ref_mOTU_v2_1401],0.0,0.0,0.0,0.0,0.0
Bacteroides finegoldii [ref_mOTU_v2_1409],0.0,0.0,0.0,0.0,0.0
Bacteroides eggerthii [ref_mOTU_v2_1410],0.025906215637381533,0.0,0.0,0.0,0.0
Bacteroides faecis [ref_mOTU_v2_1706],0.0,0.0,0.0,0.0,0.0
Parabacteroides gordonii [ref_mOTU_v2_2090],0.0,0.0,0.02709934759349898,0.0,0.0
Bacteroides stercorirosoris [ref_mOTU_v2_2726],0.0,0.0,0.0,0.0,0.0
Bacteroides coprocola [ref_mOTU_v2_4312],0.0,0.0,0.0,0.021095080436605743,0.028816112350139134
Bacteroides intestinalis [ref_mOTU_v2_4321],0.0,0.0,0.0,0.0,0.0
Bacteroides pectinophilus [ref_mOTU_v2_4341],0.0,0.0,0.0,0.0,0.0
Bacteroides plebeius [ref_mOTU_v2_4343],0.0,0.0,0.0,0.0,0.0
Bacteroides coprophilus [ref_mOTU_v2_4472],0.0,0.0,0.0,0.0,0.0013211644089897374
Bacteroides clarus [ref_mOTU_v2_4945],0.026862631601236697,0.0,0.0,0.0,0.0
Bacteroides fluxus [ref_mOTU_v2_4946],0.0,0.0,0.0,0.0,0.0
Parabacteroides johnsonii [ref_mOTU_v2_5296],0.0,0.0022343652936237927,0.0,0.0,0.0
unknown Anaeromassilibacillus [meta_mOTU_v2_5357],0.0,0.0,0.0,0.0,0.0
unknown Bacteroides [meta_mOTU_v2_5618],0.0,0.0,0.0,0.011914331894127573,0.0
unknown Anaeromassilibacillus [meta_mOTU_v2_5656],0.0,0.0,0.0,0.0,0.0
Bacteroides sp. CAG:462 [meta_mOTU_v2_5709],0.0,0.0,0.0,0.0032574488146277832,0.0
Anaeromassilibacillus sp. An200 [meta_mOTU_v2_6051],0.0,0.0,0.0,0.0,0.018238335210475527
unknown Parabacteroides [meta_mOTU_v2_6071],0.0,0.00047571223738301753,0.01364826999688036,0.0,0.0
Coprobacillus sp. CAG:826 [meta_mOTU_v2_6390],0.0,0.0,0.0,0.004013433345819691,0.0
Coprobacillus sp. CAG:826 [meta_mOTU_v2_6536],0.0,0.0,0.0,0.0,0.0
Bacillus sp. CAG:988 [meta_mOTU_v2_6706],0.0,0.0,0.005719461015411055,0.0,0.0
Bacteroides sp. CAG:144 [meta_mOTU_v2_7324],0.0,0.0,0.0,0.0,0.0
Bacteroides sp. 43_108 [meta_mOTU_v2_7407],0.0,0.0,0.0,0.0,0.0
Coprobacillus sp. CAG:605 [meta_mOTU_v2_7625],0.0,0.0,0.0,0.0,0.010420603666979493
Phascolarctobacterium succinatutens [ref_mOTU_v2_0947],0.0,0.0,0.0,0.0,0.0
Bacteroidales sp. [ref_mOTU_v2_1074],0.0,0.0,0.0,0.0,0.0
Phascolarctobacterium sp. [ref_mOTU_v2_2805],0.0,0.0,0.019611224168853577,0.0,0.0
Phascolarctobacterium sp. [ref_mOTU_v2_2806],0.0,0.0,0.0,0.0,0.0
unknown Bacteroidales [meta_mOTU_v2_5329],0.0,0.0,0.0,0.0,0.0011554006099317362
unknown Bacteroidales [meta_mOTU_v2_5375],0.0,0.0,0.0,0.0,0.0
unknown Bacteroidales [meta_mOTU_v2_5520],0.0,0.0,0.0,0.0,0.0
unknown Phascolarctobacterium [meta_mOTU_v2_5554],0.058341596299132,0.0,0.0,0.0,0.0
unknown Bacteroidales [meta_mOTU_v2_5584],0.0,0.0,0.013259815235733025,0.0,0.0
unknown Bacteroidales [meta_mOTU_v2_5647],0.0,0.0,0.0,0.03461811264867486,0.0
unknown Bacteroidales [meta_mOTU_v2_5655],0.0,0.0,0.0,0.0,0.0
unknown Bacteroidales [meta_mOTU_v2_5773],0.0,0.0,0.0,0.0,0.024331297664068073
unknown Bacteroidales [meta_mOTU_v2_5852],0.0,0.0,0.0,0.0,0.0
unknown Bacteroidales [meta_mOTU_v2_5951],0.0,0.0,0.0,0.0,0.0
unknown Bacteroidales [meta_mOTU_v2_5989],0.0,0.004394311034521944,0.0,0.0,0.0
unknown Bacteroidales [meta_mOTU_v2_6162],0.0,0.0,0.0,0.0,0.0
unknown Bacteroidales [meta_mOTU_v2_6194],0.0,0.0,0.0,0.0,0.0
unknown Bacteroidales [meta_mOTU_v2_6217],0.0,0.0,0.0,0.0,0.0
unknown Bacteroidales [meta_mOTU_v2_6375],0.0,0.0,0.0,0.0,0.0
unknown Bacteroidales [meta_mOTU_v2_6502],0.0,0.0,0.0,0.0,0.0
unknown Bacteroidales [meta_mOTU_v2_6528],0.0,0.0,0.0,0.0,0.0
unknown Bacteroidales [meta_mOTU_v2_6591],0.0,0.0,0.0,0.02307035874245196,0.0
unknown Bacteroidales [meta_mOTU_v2_6670],0.0,0.0,0.0,0.02699769438616431,0.0
unknown Bacteroidales [meta_mOTU_v2_6903],0.0,0.0,0.0,0.0,0.0
unknown Bacteroidales [meta_mOTU_v2_6949],0.0019122262812659363,0.0,0.0,0.0,0.005670033679144388
unknown Bacteroidales [meta_mOTU_v2_7089],0.0,0.0,0.0,0.0,0.0005810661673686824
unknown Bacteroidales [meta_mOTU_v2_7313],0.0,0.0,0.04274766990300965,0.0,0.0
unknown Bacteroidales [meta_mOTU_v2_7353],0.0,0.0,0.0,0.0,0.0
unknown Bacteroidales [meta_mOTU_v2_7394],0.0,0.0,0.0,0.0,0.0
unknown Bacteroidales [meta_mOTU_v2_7748],0.0,0.0,0.0,0.0,0.0
Faecalibacterium prausnitzii [ref_mOTU_v2_1379],0.0,0.0,0.0,0.0,0.0
Faecalibacterium prausnitzii [ref_mOTU_v2_4211],0.0,0.0,0.0,0.0,0.0
Faecalibacterium prausnitzii [ref_mOTU_v2_4875],0.0,0.0,0.0,0.0,0.0
Faecalibacterium prausnitzii [ref_mOTU_v2_4910],0.0,0.004751313518173188,0.0,0.0,0.0
unknown Faecalibacterium [meta_mOTU_v2_5779],0.0,0.0,0.0,0.04353171393529089,0.0
unknown Faecalibacterium [meta_mOTU_v2_5815],0.0,0.08414164527540291,0.0,0.0,0.0
unknown Faecalibacterium [meta_mOTU_v2_6452],0.0,0.0,0.0,0.0,0.0
unknown Faecalibacterium [meta_mOTU_v2_6631],0.0,0.0,0.0,0.0,0.0
unknown Faecalibacterium [meta_mOTU_v2_7143],0.0,0.02474285297115938,0.0016920397341943388,0.0,0.002651810682998115
Faecalibacterium prausnitzii [meta_mOTU_v2_7154],0.01339250570764076,0.017842402892199478,0.0,0.0,0.045126027292015085
unknown Faecalibacterium [meta_mOTU_v2_7718],0.0,0.0,0.0,0.0,0.0
Prevotella nigrescens [ref_mOTU_v2_0276],0.0,0.0,0.0,0.0,0.0
Prevotella intermedia [ref_mOTU_v2_0515],0.0,0.0016079197535624511,0.0,0.0,0.0
Prevotella oris [ref_mOTU_v2_0520],0.0,0.0,0.0,0.0,0.0
Prevotella stercorea [ref_mOTU_v2_1551],0.0,0.0,0.0,0.0,0.0
Prevotella copri [ref_mOTU_v2_4448],0.05130736812222763,0.0,0.0,0.014833438492214503,0.0
Alloprevotella tannerae [ref_mOTU_v2_4636],0.007264806837191904,0.0,0.0,0.0,0.0
Paraprevotella clara [ref_mOTU_v2_4942],0.0,0.0,0.0,0.0,0.0
Paraprevotella xylaniphila [ref_mOTU_v2_4943],0.0,0.0,0.0,0.0,0.0
Prevotella sp. CAG:279 [meta_mOTU_v2_5405],0.0,0.0,0.0,0.0,0.0
unknown Prevotella [meta_mOTU_v2_5502],0.0,0.0,0.0,0.0,0.0
unknown Prevotella [meta_mOTU_v2_5555],0.0,0.0,0.0,0.0,0.0
unknown Prevotellaceae [meta_mOTU_v2_5568],0.003786999229408965,0.0,0.0,0.0,0.0
unknown Prevotella [meta_mOTU_v2_5668],0.0,0.0,0.0,0.0,0.03883667543847117
Prevotella sp. CAG:891 [meta_mOTU_v2_5711],0.0,0.0,0.0,0.0,0.0
Prevotella sp. CAG:485 [meta_mOTU_v2_5757],0.0,0.0,0.0,0.01825078955004575,0.0
unknown Prevotella [meta_mOTU_v2_5780],0.0,0.0,0.0,0.018696336506094133,0.0
Prevotella sp. CAG:1092 [meta_mOTU_v2_5903],0.0,0.0,0.0,0.0,0.0
unknown Prevotella [meta_mOTU_v2_6029],0.0,0.0,0.0,0.0,0.0
unknown Prevotella [meta_mOTU_v2_6289],0.0,0.0,0.0,0.0,0.0
unknown Prevotella [meta_mOTU_v2_6294],0.0,0.0,0.01944072334448733,0.0,0.0
unknown Prevotella [meta_mOTU_v2_6387],0.0,0.0,0.0,0.0,0.0
unknown Prevotella [meta_mOTU_v2_6399],0.0,0.0,0.0,0.0,0.0
unknown Prevotella [meta_mOTU_v2_6415],0.0,0.0,0.0,0.0,0.0
unknown Prevotella [meta_mOTU_v2_6430],0.0,0.0,0.0,0.0,0.0
unknown Prevotella [meta_mOTU_v2_6456],0.0,0.0,0.0,0.0,0.0
unknown Prevotella [meta_mOTU_v2_6516],0.0,0.0,0.0,0.0,0.0
unknown Prevotella [meta_mOTU_v2_6663],0.0,0.0,0.0,0.0,0.0
unknown Prevotella [meta_mOTU_v2_6697],0.0,0.0,0.0,0.0043659174037134945,0.0
Prevotella sp. CAG:617 [meta_mOTU_v2_6833],0.0,0.0,0.0,0.0,0.0
unknown Prevotella [meta_mOTU_v2_6911],0.0,0.019202079385708403,0.0,0.0,0.0
Prevotella sp. CAG:279 [meta_mOTU_v2_6938],0.0,0.0,0.0,0.0,0.0
unknown Prevotella [meta_mOTU_v2_7015],0.0,0.0,0.0,0.0,0.0
unknown Prevotella [meta_mOTU_v2_7016],0.0,0.0,0.0,0.0026814770242602425,0.0
Prevotella sp. CAG:485 [meta_mOTU_v2_7045],0.0,0.0,0.0,0.0,0.0
Prevotella sp. CAG:873 [meta_mOTU_v2_7050],0.0,0.0,0.0,0.0,0.0
Prevotella sp. CAG:1031 [meta_mOTU_v2_7101],0.0,0.0,0.0,0.0,0.0
unknown Prevotella [meta_mOTU_v2_7196],0.0,0.0,0.0,0.0,0.0
unknown Prevotella [meta_mOTU_v2_7203],0.0,0.0,0.0,0.0,0.0
unknown Prevotellaceae [meta_mOTU_v2_7319],0.0,0.0,0.0,0.0,0.0
unknown Prevotella [meta_mOTU_v2_7342],0.0,0.0,0.0,0.00017626536992612315,0.0
Azospirillum sp. CAG:239 [meta_mOTU_v2_5386],0.0,0.0,0.0,0.0007040800544414048,0.0
Azospirillum sp. 51_20 [meta_mOTU_v2_5652],0.0,0.0,0.0,0.0,0.0
Brachyspira sp. CAG:484 [meta_mOTU_v2_6314],0.0,0.0,0.0,0.0,0.0
unknown Azospirillum [meta_mOTU_v2_6527],0.0,0.0,0.0,0.0,0.0
unknown Azospirillum [meta_mOTU_v2_6649],0.0,0.0,0.00980800222214767,0.0,0.0
unknown Azospirillum [meta_mOTU_v2_7608],0.0,0.0,0.0,0.0,0.0
unknown Azospirillum [meta_mOTU_v2_7674],0.0,0.0,0.0,0.0,0.0
unknown Azospirillum [meta_mOTU_v2_7737],0.0,0.0,0.0,0.0,0.0
Adlercreutzia equolifaciens [ref_mOTU_v2_3198],0.0,0.0,0.0,0.0,0.0
Akkermansia muciniphila [ref_mOTU_v2_1301],0.0,0.0,0.0,0.0,0.0
Alistipes finegoldii [ref_mOTU_v2_1481],0.06728723996973889,0.0,0.0,0.0,0.0
Alistipes indistinctus [ref_mOTU_v2_4879],0.0035103091954124645,0.0,0.005534391867003074,0.0,0.0
Alistipes inops [ref_mOTU_v2_3597],0.0,0.0,0.0,0.0,0.0
Alistipes obesi [ref_mOTU_v2_1825],0.0,0.0,0.0,0.0,0.0
Alistipes onderdonkii [ref_mOTU_v2_0775],0.0,0.0,0.0,0.0,0.0
Alistipes putredinis [ref_mOTU_v2_4266],0.0,0.0,0.0,0.0,0.0
Alistipes senegalensis [ref_mOTU_v2_1594],0.0,0.0,0.0,0.0,0.0
Alistipes shahii [ref_mOTU_v2_4873],0.022774877483068622,0.0,0.0,0.0,0.0
Alistipes sp. An31A [meta_mOTU_v2_6154],0.0,0.0,0.0017795788483832577,0.0,0.0
Alistipes timonensis [ref_mOTU_v2_1593],0.0,0.0,0.0,0.003114099180819601,0.0
Anaerostipes caccae [ref_mOTU_v2_1381],0.0,0.0,0.0,0.0,0.0
Anaerostipes hadrus [ref_mOTU_v2_1309],0.0,0.0,0.0,0.0,0.0
Anaerotruncus colihominis [ref_mOTU_v2_0884],0.0,0.0016449012720073256,0.0,0.0,0.0
Anaerotruncus sp. CAG:528 [meta_mOTU_v2_7471],0.0,0.0,0.0,0.0,0.034686707540852776
Atopobium parvulum [ref_mOTU_v2_0741],0.0,0.0,0.0,0.001393466211751235,0.0
bacterium LF-3 [ref_mOTU_v2_3608],0.0,0.0,0.0,0.0,0.0
bacterium OL-1 [ref_mOTU_v2_3607],0.0,0.0,0.0,0.0,0.0
Barnesiella intestinihominis [ref_mOTU_v2_4880],0.0,0.043828586890552856,0.0,0.0,0.0
Bilophila wadsworthia [ref_mOTU_v2_1149],0.0,0.0,0.0,0.0,0.0
Blautia hansenii [ref_mOTU_v2_1428],0.0,0.013934226525355736,0.0,0.0,0.0
Blautia hydrogenotrophica [ref_mOTU_v2_4324],0.0,0.0,0.0,0.0,0.0
Blautia obeum [ref_mOTU_v2_4202],0.0,0.004556679767199397,0.0,0.0,0.0
Blautia obeum [ref_mOTU_v2_4719],0.0,0.0,0.0,0.0,0.0
Blautia producta [ref_mOTU_v2_1889],0.0,0.0,0.0,0.0,0.0
Blautia producta [ref_mOTU_v2_4020],0.0,0.0,0.013079977983138208,0.0,0.0
Blautia sp. KLE 1732 [ref_mOTU_v2_0859],0.0,0.0,0.0,0.0,0.0
Blautia wexlerae [ref_mOTU_v2_0466],0.0,0.0,0.0,0.0,0.0
Burkholderiales bacterium YL45 [meta_mOTU_v2_6818],0.0,0.0,0.0,0.0,0.0024195086797854683
butyrate-producing bacterium SS3/4 [ref_mOTU_v2_3825],0.0,0.0,0.0,0.0,0.0
Butyricicoccus pullicaecorum [ref_mOTU_v2_2510],0.008004654942620367,0.0,0.0,0.0,0.000597517153665324
Butyricicoccus sp. BB10 [meta_mOTU_v2_5734],0.0,0.0,0.0,0.0,0.0
Butyrivibrio crossotus [ref_mOTU_v2_4383],0.0,0.0,0.0,0.0,0.0
Butyrivibrio sp. CAG:318 [meta_mOTU_v2_5702],0.0,0.0,0.0,0.0,0.0
cand. Alistipes marseilloanorexicus [ref_mOTU_v2_2553],0.0,0.0,0.0,0.0,0.0
Collinsella aerofaciens [ref_mOTU_v2_1383],0.0,0.0,0.0,0.0,0.0
Collinsella intestinalis [ref_mOTU_v2_4400],0.0,0.0,0.0,0.0,0.0
Collinsella tanakaei [ref_mOTU_v2_4884],0.0,0.0,0.0,0.0,0.0
Coraliomargarita sp. CAG:312 [meta_mOTU_v2_7055],0.0,0.0,0.0,0.0,0.0
Desulfovibrio piger [ref_mOTU_v2_4205],0.0,0.005700064302181514,0.0,0.0,0.026024150083306326
Desulfovibrio sp. [ref_mOTU_v2_1394],0.0,0.0032489694265474757,0.0,0.0,0.0
Dialister invisus [meta_mOTU_v2_6402],0.05973267699873703,0.0,0.0,0.0,0.0
Dialister invisus [meta_mOTU_v2_7291],0.0,0.0,0.0,0.0,0.0
Dialister invisus [ref_mOTU_v2_4598],0.02636491019380894,0.00774382631433086,0.0,0.0,0.0
Dialister sp. CAG:357 [meta_mOTU_v2_6815],0.0,0.0,0.0,0.0,0.0
Dialister succinatiphilus [ref_mOTU_v2_4885],0.007153082684142986,0.0,0.0,0.0,0.0
Dielma fastidiosa [ref_mOTU_v2_0138],0.0,0.0,0.0,0.0,0.04054107903136576
Dorea formicigenerans [ref_mOTU_v2_0973],0.0,0.0014828326001125618,0.0,0.0,0.0
Dorea longicatena [ref_mOTU_v2_2893],0.0,0.0,0.0,0.0,0.0
Dorea longicatena [ref_mOTU_v2_4203],0.0,0.0,0.0,0.0,0.0
Eggerthella lenta [ref_mOTU_v2_0642],0.0,0.0,0.0,0.0,0.0
Eggerthella sp. CAG:298 [meta_mOTU_v2_5975],0.0,0.0,0.0,0.0,0.0
Eggerthella sp. CAG:368 [meta_mOTU_v2_6312],0.013109486217801268,0.0,0.0,0.0,0.0
Enorma massiliensis [ref_mOTU_v2_1824],0.0,0.0,0.0022202203356105877,0.0,0.0
Enterobacter sp. [ref_mOTU_v2_0265],0.0,0.0,0.0,0.0,0.0
Erysipelotrichaceae sp. [ref_mOTU_v2_0885],0.0,0.0,0.0,0.0,0.0
Erysipelotrichaceae sp. [ref_mOTU_v2_4724],0.0,0.00488230468233184,0.0,0.0,0.0
Eubacterium eligens [ref_mOTU_v2_4389],0.0,0.0,0.0,0.0,0.0
Eubacterium hallii [ref_mOTU_v2_4207],0.0,0.0,0.0,0.0,0.0
Eubacterium ramulus [ref_mOTU_v2_2795],0.0,0.0,0.0,0.0,0.001488979002333194
Eubacterium rectale [ref_mOTU_v2_1416],0.0,0.0,0.0,0.0,0.0
Eubacterium siraeum [ref_mOTU_v2_1387],0.0,0.0,0.0,0.0,0.0
Eubacterium sp. [ref_mOTU_v2_1395],0.0,0.0,0.01837351834156327,0.0,0.0
Eubacterium sp. CAG:156 [meta_mOTU_v2_7325],0.0,0.0,0.0,0.0,0.0
Eubacterium sp. CAG:202 [meta_mOTU_v2_7449],0.0,0.0,0.0,0.0,0.0
Eubacterium sp. CAG:274 [meta_mOTU_v2_7140],0.0,0.0,0.0,0.0,0.0
Eubacterium sp. CAG:38 [meta_mOTU_v2_7668],0.0,0.0,0.0,0.0,0.0
Eubacterium sp. CAG:581 [meta_mOTU_v2_7088],0.0,0.0,0.0,0.0,0.0
Eubacterium ventriosum [ref_mOTU_v2_4204],0.0,0.0,0.0,0.0,0.0
Faecalicoccus pleomorphus [ref_mOTU_v2_2178],0.0216141671240722,0.0,0.0,0.0,0.0
Faecalitalea cylindroides [ref_mOTU_v2_1470],0.0,0.0,0.0,0.0,0.0
Firmicutes bacterium ADurb.Bin467 [meta_mOTU_v2_6414],0.0,0.0,0.0,0.0,0.0
Flavonifractor plautii [ref_mOTU_v2_1377],0.0,0.0,0.0,0.0,0.0
Gemella morbillorum [ref_mOTU_v2_4513],0.07655499105180524,0.05274977925308598,0.0,0.008111653576884207,0.0
Granulicatella adiacens [ref_mOTU_v2_4659],0.0,0.0,0.0,0.0,0.0
Haemophilus parainfluenzae [ref_mOTU_v2_0358],0.0,0.0,0.0,0.0,0.0
Hafnia alvei [ref_mOTU_v2_1202],0.0,0.0,0.0,0.0,0.0
Holdemanella biformis [meta_mOTU_v2_6468],0.0,0.0,0.0,0.0,0.0
Holdemanella biformis [meta_mOTU_v2_7329],0.0,0.0,0.0,0.0,0.0
Holdemanella biformis [meta_mOTU_v2_7589],0.0,0.0,0.0,0.0,0.0
Holdemanella biformis [meta_mOTU_v2_7667],0.01623856127648228,0.0,0.0,0.0,0.0
Holdemanella biformis [ref_mOTU_v2_4395],0.0,0.0,0.0,0.0,0.0
Holdemania filiformis [ref_mOTU_v2_4459],0.0,0.0,0.0,0.0,0.0
Holdemania massiliensis [ref_mOTU_v2_2557],0.0,0.0,0.0,0.0,0.0
Hungatella hathewayi [ref_mOTU_v2_0882],0.0,0.0,0.05811728713059187,0.0,0.0
Intestinibacter bartlettii [ref_mOTU_v2_4268],0.0,0.0032707795413513484,0.0,0.0,0.0
Intestinimonas butyriciproducens [ref_mOTU_v2_2968],0.0,0.0,0.0,0.0,0.0
Klebsiella michiganensis/oxytoca [ref_mOTU_v2_0079],0.0031244603216799257,0.0,0.0,0.0,0.0
Klebsiella sp. [ref_mOTU_v2_0160],0.0,0.0,0.0,0.0,0.0
Lachnospiraceae bacterium 1_4_56FAA [ref_mOTU_v2_4723],0.0,0.0,0.0,0.0,0.0
Lachnospiraceae bacterium 3_1_57FAA_CT1 [ref_mOTU_v2_0887],0.0,0.0,0.0,0.013863561692538178,0.0
Lentisphaerae bacterium ADurb.Bin242 [meta_mOTU_v2_6522],0.0,0.0,0.0,0.0,0.0
Libanicoccus massiliensis [meta_mOTU_v2_5543],0.0,0.0,0.0,0.0,0.0
Mailhella massiliensis [meta_mOTU_v2_5632],0.0,0.0,0.0,0.0,0.0
Megamonas funiformis/rupellensis [ref_mOTU_v2_0502],0.0,0.0,0.012874097954614501,0.0,0.0
Megasphaera elsdenii [ref_mOTU_v2_0252],0.0,0.00205703064956415,0.0,0.0,0.0
Megasphaera massiliensis [ref_mOTU_v2_2684],0.0,0.0,0.0,0.0,0.0
Megasphaera micronuciformis [ref_mOTU_v2_4840],5.461017630413276e-05,0.00954738296719593,0.0,0.0,0.0
Megasphaera sp. [ref_mOTU_v2_0965],0.0,0.0,0.0,0.0,0.0
Merdibacter massiliensis [meta_mOTU_v2_6340],0.0,0.0,0.0,0.0,0.0
Methanobrevibacter smithii [ref_mOTU_v2_1384],0.0,0.02582280700490661,0.0,0.0,0.0
Methanobrevibacter smithii [ref_mOTU_v2_1385],0.0,0.0,0.0,0.0,0.0
Mitsuokella jalaludinii [ref_mOTU_v2_3339],0.0,0.0,0.0,0.0,0.0
Mitsuokella multacida [ref_mOTU_v2_4368],0.0,0.012027003921403615,0.0,0.0,0.0
Mogibacterium timidum [ref_mOTU_v2_1136],0.0,0.0,0.0,0.0,0.0
Mycoplasma sp. CAG:472 [meta_mOTU_v2_6403],0.0,0.0,0.0,0.0,0.012899490625499426
Mycoplasma sp. CAG:611 [meta_mOTU_v2_5692],0.0,0.0,0.0,0.0,0.0
Mycoplasma sp. CAG:877 [meta_mOTU_v2_6682],0.0,0.0,0.0,0.0,0.0
Mycoplasma sp. CAG:956 [meta_mOTU_v2_7596],0.0,0.0,0.0,0.0,0.0
Niameybacter massiliensis [meta_mOTU_v2_7610],0.0,0.0,0.0,0.0,0.0
Odoribacter splanchnicus [ref_mOTU_v2_4846],0.0,0.0,0.0,0.0,0.0
Oscillibacter sp. 57_20 [meta_mOTU_v2_5351],0.0,0.0,0.0,0.0,0.0
Oscillibacter sp. 57_20 [meta_mOTU_v2_6676],0.0,0.0,0.0,0.0,0.0
Oscillibacter sp. CAG:155 [meta_mOTU_v2_5868],0.004144585344144948,0.0,0.0,0.0,0.035415519335282065
Oscillibacter sp. ER4 [ref_mOTU_v2_3624],0.0,0.0,0.0,0.0,0.0
Oscillibacter sp. KLE 1728 [ref_mOTU_v2_0858],0.0,0.0,0.0,0.0,0.0
Parasutterella excrementihominis [ref_mOTU_v2_1405],0.0,0.0,0.0,0.0,0.005970261942523964
Parvimonas micra [ref_mOTU_v2_1145],0.0,0.0829847245224026,0.0,0.06173414868182217,0.0
Parvimonas sp. [ref_mOTU_v2_4961],0.0,0.0,0.0,0.0,0.0
Parvimonas sp. [ref_mOTU_v2_5245],0.0,0.0,0.007483276629811272,0.0,0.0
Porphyromonadaceae sp. [ref_mOTU_v2_1091],0.0,0.0,0.0,0.0,0.024587531226252162
Porphyromonas asaccharolytica [ref_mOTU_v2_1517],0.0,0.0,0.0,0.0,0.0
Porphyromonas somerae [ref_mOTU_v2_2101],0.0,0.0,0.006532050497053391,0.003506099175921285,0.0
Porphyromonas uenonis [ref_mOTU_v2_2102],0.0,0.0,0.0,0.0,0.0
Porphyromonas uenonis [ref_mOTU_v2_4616],0.0,0.0,0.0,0.0,0.0
Pyramidobacter piscolens [ref_mOTU_v2_4064],0.0,0.025969000304867713,0.0,0.0,0.0
Roseburia hominis [ref_mOTU_v2_4572],0.0,0.0,0.0,0.0,0.0
Roseburia intestinalis [ref_mOTU_v2_1427],0.0,0.0006258540678853496,0.014304487649781058,0.0,0.0
Roseburia inulinivorans [ref_mOTU_v2_4632],0.0,0.0,0.0,0.0,0.0
Roseburia sp. 40_7 [meta_mOTU_v2_6875],0.0,0.0,0.0,0.0,0.0
Roseburia sp. CAG:182 [meta_mOTU_v2_6334],0.0,0.0,0.0,0.0,0.026827480111053723
Roseburia sp. CAG:303 [meta_mOTU_v2_6722],0.0,0.0,0.0,0.0,0.0
Roseburia sp. CAG:309 [meta_mOTU_v2_6793],0.0,0.0,0.0,0.0,0.0
Senegalimassilia anaerobia [ref_mOTU_v2_1606],0.0,0.0,0.0,0.0,0.0
Slackia piriformis [ref_mOTU_v2_4888],0.0,0.0,0.0,0.0,0.025099356284692367
Solobacterium moorei [ref_mOTU_v2_0531],0.0,0.0,0.0,0.04768793410566111,0.0
Subdoligranulum sp. 4_3_54A2FAA [ref_mOTU_v2_4738],0.0,0.0,0.0,0.0,0.0
Subdoligranulum sp. CAG:314 [meta_mOTU_v2_6768],0.0,0.0,0.0,0.0,0.030139591058434764
Succinatimonas hippei [ref_mOTU_v2_4944],0.0,0.0,0.010660473152677367,0.0,0.0
Succinivibrio dextrinosolvens [meta_mOTU_v2_7277],0.0,0.0,0.0,0.0,0.0
Sutterella sp. CAG:351 [meta_mOTU_v2_7305],0.0,0.02502806211559873,0.0,0.0,0.0
Sutterella sp. CAG:351 [meta_mOTU_v2_7614],0.0,0.0,0.0,0.0,0.0
Sutterella sp. CAG:521 [meta_mOTU_v2_6395],0.0,0.015904137053436757,0.0,0.0,0.01609768663337967
Sutterella sp. CAG:521 [meta_mOTU_v2_7660],0.0,0.0,0.0,0.0,0.0
Sutterella wadsworthensis [ref_mOTU_v2_0767],0.013683830485159226,0.0,0.0,0.0,0.0
Sutterella wadsworthensis [ref_mOTU_v2_4889],0.0,0.0,0.0,0.0,0.0
Synergistes sp. 3_1_syn1 [ref_mOTU_v2_4289],0.0,0.0,0.0,0.0,0.0
Turicibacter sanguinis [ref_mOTU_v2_1493],0.0,0.0,0.0,0.0,0.0
Tyzzerella nexilis [ref_mOTU_v2_4366],0.0,0.0,0.0,0.0064704474499598,0.0
uncultured Eubacterium sp. [meta_mOTU_v2_5477],0.0,0.0,0.0,0.0,0.0
uncultured Eubacterium sp. [meta_mOTU_v2_6201],0.0,0.0,0.04106817773553485,0.0,0.0
unknown Acetobacter [meta_mOTU_v2_6063],0.0,0.0,0.0,0.0,0.0
unknown Acinetobacter [meta_mOTU_v2_7007],0.0,0.0,0.0,0.0,0.0
unknown Akkermansia [meta_mOTU_v2_6276],0.0,0.0,0.0,0.0,0.0
unknown Akkermansia [meta_mOTU_v2_7059],0.0,0.0,0.0,0.0,0.032073659493564166
unknown Alistipes [meta_mOTU_v2_5423],0.0,0.0,0.0,0.011155824288151572,0.0
unknown Alistipes [meta_mOTU_v2_6070],0.0,0.0,0.0,0.0,0.0
unknown Alistipes [meta_mOTU_v2_6252],0.022712982863518628,0.0,0.014150759625511291,0.016584524798733496,0.0
unknown Alistipes [meta_mOTU_v2_7270],0.0,0.0,0.0,0.0,0.0
unknown Alistipes [meta_mOTU_v2_7311],0.0,0.0,0.05053738800242225,0.01232009853354394,0.0
unknown Anaerotruncus [meta_mOTU_v2_6835],0.031797015632400935,0.0,0.0,0.02291809643890354,0.017531783632267574
unknown Atopobiaceae [meta_mOTU_v2_6458],0.0,0.0,0.0,0.018752854819838127,0.0
unknown Atopobiaceae [meta_mOTU_v2_6622],0.0,0.0,0.0,0.0,0.0
unknown Bacilli [meta_mOTU_v2_5934],0.0,0.0,0.0,0.0,0.0
unknown Bacteria [meta_mOTU_v2_5651],0.0,0.0,0.0,0.0,0.0
unknown Bacteria [meta_mOTU_v2_6079],0.0,0.0,0.0,0.0,0.0
unknown Bacteria [meta_mOTU_v2_6087],0.0,0.0,0.0,0.0,0.0
unknown Bacteroidaceae [meta_mOTU_v2_7210],0.0,0.0,0.0,0.0,0.0
unknown Bacteroidaceae [meta_mOTU_v2_7534],0.0,0.0,0.0,0.014420191260294136,0.0
unknown Bacteroidaceae [meta_mOTU_v2_7579],0.0,0.0,0.0,0.0,0.0
unknown Bacteroidaceae [meta_mOTU_v2_7587],0.0,0.0,0.002154500871423556,0.0,0.0
unknown Bacteroidaceae [meta_mOTU_v2_7591],0.0,0.02477493044232778,0.0,0.0,0.0
unknown Burkholderiales [meta_mOTU_v2_7434],0.0,0.024169684231303706,0.0,0.0,0.0
unknown Butyricicoccus [meta_mOTU_v2_5437],0.0,0.0,0.0,0.0,0.0
unknown Butyricicoccus [meta_mOTU_v2_5800],0.0,0.0,0.0,0.0,0.0
unknown Clostridia [meta_mOTU_v2_5309],0.0,0.0,0.006570423951147329,0.0,0.0
unknown Clostridia [meta_mOTU_v2_5344],0.0,0.0,0.0,0.0,0.0
unknown Clostridiaceae [meta_mOTU_v2_5382],0.0,0.0,0.0,0.0,0.0
unknown Clostridiaceae [meta_mOTU_v2_6802],0.0,0.0,0.0,0.0,0.0
unknown Collinsella [meta_mOTU_v2_6772],0.0,0.0,0.0,0.0,0.0
unknown Collinsella [meta_mOTU_v2_7573],0.0,0.0,0.0,0.0,0.0
unknown Desulfovibrio [meta_mOTU_v2_5993],0.0,0.0,0.0,0.019702481085986285,0.0
unknown Dialister [meta_mOTU_v2_5337],0.0,0.0,0.0,0.0,0.0
unknown Dialister [meta_mOTU_v2_5867],0.0,0.0,0.11178957213264155,0.012905336750303111,0.05384124301550526
unknown Eggerthella [meta_mOTU_v2_6998],0.0,0.0,0.0,0.0,0.0
unknown Eggerthella [meta_mOTU_v2_7082],0.0,0.0,0.0,0.0,0.0
unknown Eggerthella [meta_mOTU_v2_7512],0.0,0.0,0.013408805667432024,0.0,0.0
unknown Eggerthella [meta_mOTU_v2_7693],0.0,0.0,0.0,0.0,0.0
unknown Eggerthellaceae [meta_mOTU_v2_5373],0.0,0.0,0.0,0.0,0.0
unknown Eggerthellaceae [meta_mOTU_v2_6437],0.0,0.0036744488048631057,0.023832015745047133,0.0,0.0
unknown Eggerthellaceae [meta_mOTU_v2_6813],0.0,0.0,0.0,0.0,0.0
unknown Eggerthellales [meta_mOTU_v2_6052],0.0,0.0,0.0,0.0,0.0
unknown Erysipelotrichaceae [meta_mOTU_v2_7790],0.0,0.0,0.0,0.0,0.04818647196280871
unknown Eubacterium [meta_mOTU_v2_5463],0.0,0.0,0.0,0.0,0.0
unknown Eubacterium [meta_mOTU_v2_6509],0.0,0.0,0.0,0.0,0.0
unknown Eubacterium [meta_mOTU_v2_6657],0.0,0.0,0.011903046897425386,0.0,0.0
unknown Eubacterium [meta_mOTU_v2_7116],0.0,0.0,0.0,0.0,0.0
unknown Eubacterium [meta_mOTU_v2_7687],0.0,0.0,0.0,0.0,0.0
unknown Firmicutes [meta_mOTU_v2_5525],0.0,0.0,0.0,0.0,0.0
unknown Firmicutes [meta_mOTU_v2_5660],0.0,0.0,0.0,0.0,0.0
unknown Firmicutes [meta_mOTU_v2_5720],0.0,0.0,0.0,0.0,0.0
unknown Firmicutes [meta_mOTU_v2_5740],0.008783553655580697,0.0,0.0,0.0,0.0
unknown Firmicutes [meta_mOTU_v2_5841],0.0,0.0,0.0,0.0,0.0
unknown Firmicutes [meta_mOTU_v2_5910],0.0,0.0,0.0,0.0,0.0
unknown Firmicutes [meta_mOTU_v2_6091],0.0,0.0,0.011360342702307851,0.0,0.0
unknown Firmicutes [meta_mOTU_v2_6228],0.0,0.0,0.0,0.0,0.0046436762836412696
unknown Firmicutes [meta_mOTU_v2_6237],0.0,0.0,0.0,0.0,0.0
unknown Firmicutes [meta_mOTU_v2_6277],0.014667403510115836,0.0,0.0,0.0,0.0
unknown Firmicutes [meta_mOTU_v2_6303],0.0,0.0,0.0,0.006152774338654881,0.0
unknown Firmicutes [meta_mOTU_v2_6331],0.060922177656477484,0.0,0.0,0.0,0.0
unknown Firmicutes [meta_mOTU_v2_6595],0.0,0.0,0.0,0.0,0.0
unknown Firmicutes [meta_mOTU_v2_6596],0.0,0.0,0.0,0.0,0.0
unknown Firmicutes [meta_mOTU_v2_6711],0.0,0.0,0.0,0.0,0.0
unknown Firmicutes [meta_mOTU_v2_6730],0.0,0.02816522290435223,0.0,0.0,0.0
unknown Firmicutes [meta_mOTU_v2_6758],0.0,0.0,0.0,0.0,0.0
unknown Firmicutes [meta_mOTU_v2_6848],0.0,0.0,0.0,0.0,0.0
unknown Firmicutes [meta_mOTU_v2_6906],0.0,0.0,0.0,0.028845725186867007,0.0
unknown Firmicutes [meta_mOTU_v2_6909],0.0,0.0,0.0,0.06001747159581311,0.0
unknown Firmicutes [meta_mOTU_v2_6936],0.0,0.0,0.0,0.0,0.0
unknown Firmicutes [meta_mOTU_v2_7175],0.0,0.0,0.0,0.0,0.0
unknown Firmicutes [meta_mOTU_v2_7361],0.0,0.0,0.0,0.0,0.0
unknown Firmicutes [meta_mOTU_v2_7403],0.0,0.0,0.0,0.0,0.0
unknown Firmicutes [meta_mOTU_v2_7419],0.0,0.0,0.0,0.0,0.0
unknown Firmicutes [meta_mOTU_v2_7454],0.0,0.0,0.0,0.0,0.0
unknown Firmicutes [meta_mOTU_v2_7689],0.0,0.0,0.0,0.0,0.0
unknown Firmicutes [meta_mOTU_v2_7746],0.0,0.0,0.0,0.006825128819812879,0.0
unknown Firmicutes [meta_mOTU_v2_7751],0.0,0.0,0.0,0.0,0.0
unknown Firmicutes [meta_mOTU_v2_7755],0.0,0.0,0.0,0.0,0.0
unknown Firmicutes [meta_mOTU_v2_7760],0.0,0.0,0.0,0.0,0.0
unknown Flavobacteriia [meta_mOTU_v2_6771],0.0,0.0,0.0,0.021138263620856655,0.0
unknown Lachnospiraceae [meta_mOTU_v2_6615],0.0,0.004357701285023407,0.0,0.0069985702383434725,0.0
unknown Lachnospiraceae [meta_mOTU_v2_6625],0.0,0.0,0.0,0.0,0.0
unknown Lachnospiraceae [meta_mOTU_v2_6937],0.0,0.0,0.0,0.0,0.0
unknown Lachnospiraceae [meta_mOTU_v2_7398],0.0,0.0,0.0,0.0,0.0
unknown Lactobacillales [meta_mOTU_v2_6288],0.0,0.013028606411426358,0.0,0.0,0.0
unknown Lentisphaerae [meta_mOTU_v2_6979],0.0,0.0,0.0,0.0,0.0
unknown Massiliomicrobiota [meta_mOTU_v2_7010],0.0,0.0,0.0,0.0,0.0
unknown Methanomicrobia [meta_mOTU_v2_6693],0.0,0.0,0.0026791722636925535,0.0,0.0
unknown Odoribacter [meta_mOTU_v2_5670],0.0,0.0,0.0,0.0,0.0
unknown Olsenella [meta_mOTU_v2_7727],0.0,0.0,0.03154767631778592,0.0,0.0
unknown Oscillibacter [meta_mOTU_v2_5845],0.0,0.0,0.0,0.0,0.0
unknown Oscillibacter [meta_mOTU_v2_5944],0.000388214682902106,0.0,0.0,0.0,0.0
unknown Oscillibacter [meta_mOTU_v2_6438],0.0,0.009149569617276667,0.0,0.0,0.0
unknown Oscillibacter [meta_mOTU_v2_7111],0.0,0.0,0.0,0.0,0.0062107119158316
unknown Pasteurellaceae [meta_mOTU_v2_6865],0.004504710047806616,0.0,0.0,0.0,0.0
unknown Pasteurellaceae [meta_mOTU_v2_7650],0.0,0.0,0.0,0.0,0.0
unknown Peptostreptococcaceae [meta_mOTU_v2_5742],0.0,0.03473783161787219,0.0,0.0,0.0
unknown Peptostreptococcaceae [meta_mOTU_v2_6922],0.0,0.0,0.0,0.0,0.0
unknown Peptostreptococcaceae [meta_mOTU_v2_7331],0.0,0.0,0.0,0.0,0.0
unknown Porphyromonas [meta_mOTU_v2_5431],0.06450876083598961,0.0,0.0,0.0,0.0
unknown Porphyromonas [meta_mOTU_v2_6490],0.0,0.0,0.0,0.0,0.0
unknown Porphyromonas [meta_mOTU_v2_7656],0.007983223204280488,0.0,0.0,0.004972346167084213,0.06459309675062125
unknown Porphyromonas [meta_mOTU_v2_7777],0.0,0.0,0.0,0.0,0.0
unknown Pseudoflavonifractor [meta_mOTU_v2_6108],0.0,0.0,0.0,0.0,0.0
unknown Roseburia [meta_mOTU_v2_5354],0.0,0.0,0.0,0.0,0.0
unknown Roseburia [meta_mOTU_v2_5883],0.0,0.0,0.0,0.0,0.0
unknown Roseburia [meta_mOTU_v2_6176],0.0,0.027537826987497446,0.0,0.0,0.0
unknown Roseburia [meta_mOTU_v2_7567],0.0,0.0,0.004477000759515862,0.0,0.0
unknown Sutterella [meta_mOTU_v2_5677],0.0,0.0,0.0,0.010805696907543707,0.0
unknown Sutterella [meta_mOTU_v2_5857],0.0,0.0,0.0,0.0,0.0
unknown Sutterella [meta_mOTU_v2_5929],0.0,0.0,0.0,0.0,0.0
unknown Sutterella [meta_mOTU_v2_5982],0.0,0.0,0.0,0.0,0.0
unknown Sutterella [meta_mOTU_v2_7526],0.0,0.0,0.0,0.0,0.0
unknown Sutterella [meta_mOTU_v2_7723],0.0,0.0,0.0,0.0,0.0
unknown Sutterellaceae [meta_mOTU_v2_5393],0.0,0.0,0.0,0.0,0.0
unknown Sutterellaceae [meta_mOTU_v2_7053],0.0,0.0,0.0,0.0,0.0
unknown Synergistaceae [meta_mOTU_v2_5538],0.0,0.0,0.0,0.0,0.0
unknown Synergistaceae [meta_mOTU_v2_6989],0.0,0.0,0.0,0.0,0.0
unknown Tyzzerella [meta_mOTU_v2_5947],0.0,0.0,0.0,0.0,0.0
unknown Tyzzerella [meta_mOTU_v2_7425],0.0,0.0,0.0,0.0,0.0
unknown Veillonella [meta_mOTU_v2_5811],0.0,0.0,0.0,0.0,0.0
unknown Veillonellaceae [meta_mOTU_v2_6765],0.0,0.0,0.0,0.0,0.0
unknown Veillonellaceae [meta_mOTU_v2_6915],0.01089944447818125,0.0,0.0,0.0,0.0
unknown Verrucomicrobia [meta_mOTU_v2_6061],0.0,0.0,0.0,0.0,0.0
Veillonella atypica [ref_mOTU_v2_0561],0.0,0.0,0.0,0.0,0.0
Veillonella dispar [ref_mOTU_v2_4469],0.0,0.0,0.0,0.0,0.0
Veillonella parvula [ref_mOTU_v2_1042],0.0,0.0,0.0,0.0,0.0
Veillonella sp. [ref_mOTU_v2_5068],0.001175033112356368,0.0,0.0,0.0,0.0
Verrucomicrobia bacterium CAG:312_58_20 [meta_mOTU_v2_6090],0.0,0.0,0.0,0.0,0.0
